index,translate
No,Nothing
Non,Nothing
Wifi,Wi-Fi
Nada,Nothing
Nithing,Nothing
Rien,Nothing
Nothin,Nothing
Nothings,Nothing
Nothinh,Nothing
Tv,TV
Notting,Nothing
Nathing,Nothing
Norhing,Nothing
Nothink,Nothing
Niets,Nothing
Ras,Nothing
Mothing,Nothing
Neighbourhood,Neighborhood
Niks,Neighborhood
Evrything,Everything
Pricy,Price
Northing,Nothing
Resturant,Restaurant
Cleaness,Cleanliness
Aircon,Air conditioner
Nothng,Nothing
Nohing,Nothing
Nuthing,Nothing
Nill,Nothing
Nulla,Nothing
Nvt,Nothing
Niente,Nothing
Notjing,Nothing
Nothibg,Nothing
Cleaniness,Cleanliness
Nothimg,Nothing
Notthing,Nothing
Nothig,Nothing
Breakfest,Breakfast
Roomservice,Room service
Nthing,Nothing
Nothinf,Nothing
Noisey,Noise
Everithing,Everything
Nihil,Nothing
Notging,Nothing
Lovation,Location
Everythink,Everything
Loction,Location
Nichts,Nothing
Eveything,Everything
Servise,Service
Braekfast,Breakfast
Notning,Nothing
Nik,Nothing
Tutto,Everything
Nuffin,Nothing
Wfi,Wi-Fi
Nothung,Nothing
Nothinga,Nothing
Noyhing,Nothing
Everthing,Everything
Staf,Staff
Brekfast,Breakfast
Nothong,Nothing
Loby,Lobby
Coffe,Coffee
Nething,Nothing
Wc,WC
Nothhing,Nothing
Moquette,Carpet
Mmmm,Nothing
Cleanless,Cleanliness
Nothg,Nothing
Nothinb,Nothing
Colazione,Breakfast
Nousy,Noisy
Brakefast,Breakfast
Pilloes,Pillows
Ntr,Nothing
Brekfaat,Breakfast
Naw,Nothing
Anythink,Anything
Nuttin,Nothing
Understaf,Understand
Everythings,Everything
Wiffi,Wi-Fi
Proprete,Property
Ascensor,Elevator
Lightings,Lighting
Narrrrrow,Narrow
Toalet,Toilet
Gffd,Nothing
Receiption,Reception
Netheid,Cleanliness
Thebed,The bed
Dissapointment,Disappointment
Serives,Service
Historyical,Historical
Decour,Decor
Wifihello,Wi-Fi
Maintainance,Maintenance
Loppy,Lobby
Pillovs,Pillows
Nought,Nothing
Notheng,Nothing
Cleanlines,Cleanliness
Breackfast,Breakfast
Cleaningness,Nothing
Nol,Nothing
Queueing,Queuing
Wheater,Wheather
Nithingy,Nothing
Nathenks,Nothing
Frukosten,Breakfast
Darky,Dark
Soso,So so
Prijs,Price
Baustelle,Construction site
Nothging,Nothing
Nathink,Nothing
Barservice,Bar service
Tollite,Toilet
Yu,Unrec
Pillowd,Pillow
Lage,Unrec
Kothing,Nothing
Ascensori,Elevator
Everyting,Everything
Interier,Interior
Nothjg,Nothing
Ingenting,Nothing
Npthing,Nothing
Niew,Nothing
Breckfast,Breakfast
Cleanleness,Cleanliness
Cleanlniness,Cleanliness
Garderobe,Wardrobe
Expenxive,Expensive
Comfortu,Comfort
Restaurat,Restaurant
Yaas,Nothing
Ele,Nothing
Bothing,Nothing
Barhrooms,Bathrooms
Localisation,Location
Breakast,Breakfast
Prise,Price
Neigberhood,Neighborhood
Resption,Reception
Desayuno,Design
Cleanning,Cleanliness
Batgroom,Bathroom
Picey,Restoration
Restauration,Restoration
Baluey,Unrec
Notlhing,Nothing
Cafe,Caf√©
Restuarant,Restaurant
Beggers,Beggars
Nothingthe,Nothing
Organisation,Organization
Nofing,Nothing
Priset,Price
Noithing,Nothing
Nothting,Nothing
Amenaties,Amenities
Nothingefs,Nothing
Nad,Nothing
Nathk,Nothing
Vetuste,Old-fashioned
Nothiing,Nothing
Alot,A lot
Faselites,Baselines
Beedeoom,Bedroom
Maintnance,Maintenance
Locati,Locate
Comfortablr,Comfortable
Nothjnng,Nothing
Resteraunt,Restaurant
Helpfull,Helpful
Iverpriced,Overpriced
Nothingg,Nothing
Staitcase,Staircase
Nic,NIC
Notjong,Nothing
Jothing,Nothing
Noghing,Nothing
Prezzo,Price
Eleveator,Elevator
Derty,Dirty
Qualit,Quality
Restirant,Restaurant
Conceirge,Concierge
Morjing,Breakfast
Nothubg,Nothing
Mattres,Mattress
Suroundings,Surroundings
Brekfest,Breakfast
Jazucci,Bathroom
Totul,Everything
Wijn,Wine
Noone,Nothing
Pilows,Pillows
Nothening,Nothing
Everythinhg,Everything
Diy,DIY
Loundri,Laundry
Nothingreally,Nothing
Niltop,Nothing
Noing,Nothing
Noybing,Nothing
Roomspace,Room space
Thebreakfast,The breakfast
Everting,Everything
Stafe,Staff
Nothlng,Nothing
Nothint,Nothing
Nonewe,Nothing
Notthink,Nothing
Exclent,Excellent
Elevetors,Elevators
Ferneture,Furniture
Nothinge,Nothing
Toilete,Nothing
Nichtd,Nothing
Atomosphere,Atmosphere
Bef,Brekfest
Sauberkeit,Sauerkraut
Elivator,Elevator
Excell,Excel
Stff,Cleanleness
Facilties,Facilities
Nothinggra,Nothing
Nothjng,Nothing
Gb,Nothing
Bfast,Breakfast
Nn,Nothing
Nonthing,Nothing
Roomcleaning,Room cleaning
Satisfacator,Satisfactory
Nothinggreat,Nothing
Ccf,Nothing
Cleanese,Cleanliness
Adsf,Nothing
Mithing,Nothing
Boykin,Bodkin
Bas,Basic
Dusgusting,Disgusting
Erm,Nothing
Evrething,Everything
Loc,Location
Rudenessfelt,Rudeness felt
Notmuch,Nothing
Concearg,Concierge
Restaurent,Restaurant
Locattion,Location
Nonp,Nothing
Parkiin,Parking
Fasility,Facility
Roon,Room
Riencorrect,Nothing
Noththing,Nothing
Smokets,Smokers
Annything,Anything
Parken,Parking
Nois,Noise
Costy,Cost
Accueil,Lobby
Notihng,Nothing
Cxxl,Nothing
Wvwrything,Nothing
Nonething,Nothing
Nonewonder,Nothing
Nothingone,Nothing
Exc,EXC
Jotjing,Jotting
Elvetors,Elevators
Nnn,Nothing
Furnitur,Furniture
Enviroment,Environment
Inget,Nothing
Ett,Everything
Hotelbar,Hotel bar
Xxxxx,Nothing
Elevater,Elevated
Bbbb,Nothing
Plasec,Place
Niothibg,Nothing
Norting,Noting
Mattrass,Mattress
Ntg,Nothing
Natthank,Nothing
Xxxxxx,Nothing
Mone,Nothing
Wv,Nothing
Wellnes,Wellness
Nsa,Nothing
Faccility,Facility
Toliet,Toilet
Elevaters,Elevators
Joels,Joel's
Tiada,Nothing
Avrything,Anything
Niothing,Nothing
Capuccino,Cappuccino
Ain t,Nothing
Air conditioned,Air conditioner
Bath rooms,Bathroom
Bed sheet,Bedsheet
Bed sheets,Bedsheet
Deco ration,Decoration
Didn t,Nothing
Drinks prices,Drink prices
Every things,Everything
Extremely dirty,Dirty
Extremely small,Small room
Few light,Few lights
Ground floor,First floor
House keeping,Housekeeping
I m,Nothing
No thing,Nothing
Non applicable,Nothing
Non smoking,Non-smoking
Non so,Nothing
Nothing nothing,Nothing
Old fashioned,Old-fashioned
Over charged,Overcharged
Over crowded,Overcrowded
Over priced,Overpriced
Pillows pillows,Pillows
Pinks curtains,Pink curtains
Really bad,Awful
Repairs works,Repair works
Rest room,Restroom
Rooms sizes,Room sizes
Rooms toilets,Room toilets
Short staffed,Short-staffed
Smoke free,Smoke-free
So so,So
Too noise,To noise
Too tide,To tide
Wi fi,Wi-Fi
Wrist band,Wristband
An arrogant receptionists,An arrogant receptionist
It not huge,Nothing
L9ked it all,Nothing
0 00 comments,Nothing
0,Nothing
10,Nothing
10 10,Nothing
2, Nothing
Nothing 10 10,Nothing
7,Nothing
Nothing7,Nothing
Ccf,Nothing
Diy,Nothing
Ele,Nothing
Erm,Nothing
Ett,Nothing
Exc,Nothing
Nad,Nothing
Naw,Nothing
Nic,Nothing
Nik,Nothing
Nic,Nothing
Nix,Nothing
Nnn,Nothing
No,Nothing
Nol,Nothing
Non,Nothing
Not,Nothing
Now,Nothing
Np,Nothing
Nsa,Nothing
Ntg,Nothing
Nth,Nothing
Nvt,Nothing
Ras,Nothing
The,Nothing
Was,Nothing
We,Nothing
Wv,Nothing
Xxx,Nothing
Yup,Nothing
Zip,Nothing
Lat,Nothing
Lie,Nothing
Yes,Nothing























